City_ID,City,Lat,Lng,Max Temp,Humidity,Cloudiness,Wind Speed,Country,Date
0,faya,18.3851,42.4509,22.06,35,21,2.6,SA,1666108228
1,farsund,58.0948,6.8047,13.3,100,0,7.65,NO,1666108228
2,new norfolk,-42.7826,147.0587,11.72,58,12,1.34,AU,1666108230
3,jamestown,42.097,-79.2353,5.77,77,100,9.77,US,1666107934
4,lanzhou,36.0564,103.7922,14.53,48,59,1.2,CN,1666108230
5,ushuaia,-54.8,-68.3,8.81,81,75,3.09,AR,1666108231
6,albany,42.6001,-73.9662,10.36,74,29,2.1,US,1666108231
7,carnarvon,-24.8667,113.6333,20.02,76,0,7.46,AU,1666108232
8,sisimiut,66.9395,-53.6735,2.72,98,100,3.79,GL,1666108235
9,saint-pierre,-21.3393,55.4781,22.82,68,0,5.14,RE,1666108236
10,colorado,-22.8375,-51.9731,20.36,86,96,4.69,BR,1666107965
11,nikolskoye,59.7035,30.7861,8.94,90,100,3.22,RU,1666108237
12,trairi,-3.2778,-39.2689,31.07,51,34,8.09,BR,1666108038
13,dobryanka,58.4619,56.4165,5.63,93,100,3.55,RU,1666108237
14,qaanaaq,77.484,-69.3632,-17.32,74,86,3.36,GL,1666108238
15,mataura,-46.1927,168.8643,2.89,96,97,1.36,NZ,1666108238
16,khatanga,71.9667,102.5,-3.46,96,100,9.84,RU,1666108239
17,tasiilaq,65.6145,-37.6368,2.39,84,99,2.38,GL,1666108239
18,tiksi,71.6872,128.8694,-13.6,93,100,3.09,RU,1666108240
19,puerto ayora,-0.7393,-90.3518,22.98,82,41,1.79,EC,1666108242
20,avarua,-21.2078,-159.775,22.03,73,20,2.57,CK,1666108220
21,nuevo laredo,27.4763,-99.5164,12.15,87,75,3.6,MX,1666108147
22,guiratinga,-16.3494,-53.7583,38.35,14,22,3.1,BR,1666108243
23,rikitea,-23.1203,-134.9692,20.41,65,77,9.23,PF,1666108244
24,dukat,62.55,155.55,-15.51,95,100,5.37,RU,1666108244
25,constitucion,-35.3333,-72.4167,15.04,61,79,3.61,CL,1666108245
26,senneterre,48.3835,-77.2328,4.66,90,100,1.18,CA,1666108245
27,bambous virieux,-20.3428,57.7575,22.14,68,75,3.6,MU,1666108246
28,zangakatun,39.8212,45.0406,12.84,55,97,2.15,AM,1666108246
29,saint-louis,16.3333,-15.0,38.8,24,4,1.78,SN,1666108247
30,midwest city,35.4495,-97.3967,9.12,33,75,6.17,US,1666108247
31,grimmen,54.1121,13.0405,16.1,75,26,5.54,DE,1666108249
32,cape town,-33.9258,18.4232,20.61,71,0,9.26,ZA,1666108250
33,stornoway,58.2093,-6.3865,12.18,79,20,3.09,GB,1666108251
34,naberera,-4.2,36.9333,21.12,54,94,6.38,TZ,1666108252
35,chokurdakh,70.6333,147.9167,-14.63,98,94,3.02,RU,1666108253
36,drochia,48.035,27.8161,13.39,30,73,3.46,MD,1666108253
37,klaksvik,62.2266,-6.589,6.51,65,99,4.24,FO,1666108254
38,labuhan,-6.8844,112.2051,25.24,88,100,2.74,ID,1666108254
39,tomatlan,19.9333,-105.25,28.05,71,93,0.58,MX,1666108255
40,clyde river,70.4692,-68.5914,-5.87,93,100,9.77,CA,1666108255
41,sao joao da barra,-21.6403,-41.0511,29.05,75,60,7.15,BR,1666108256
42,margate,51.3813,1.3862,16.84,76,3,1.34,GB,1666108256
43,ancud,-41.8697,-73.8203,14.75,70,11,2.68,CL,1666108257
44,collierville,35.042,-89.6645,7.11,47,0,5.66,US,1666108151
45,kapaa,22.0752,-159.319,22.99,84,0,3.6,US,1666108257
46,mogadishu,2.0371,45.3438,25.67,83,13,6.45,SO,1666108258
47,tsalka,41.5946,44.0891,9.6,95,47,1.73,GE,1666108259
48,dalby,-27.1833,151.2667,16.66,80,100,4.26,AU,1666108259
49,hobart,-42.8794,147.3294,11.92,68,8,6.69,AU,1666108143
50,dikson,73.5069,80.5464,-1.34,75,100,7.28,RU,1666108260
51,hilo,19.7297,-155.09,26.27,83,0,2.57,US,1666108260
52,businga,3.3333,20.8833,24.82,87,99,0.97,CD,1666108261
53,lasa,46.6166,10.7002,23.49,68,11,2.01,IT,1666108019
54,vaini,-21.2,-175.2,23.09,100,20,2.57,TO,1666108262
55,cayenne,4.9333,-52.3333,32.02,58,75,5.14,GF,1666108014
56,ust-kulom,61.6864,53.6902,4.3,88,86,2.85,RU,1666108263
57,udachnyy,66.4167,112.4,-8.08,85,100,2.19,RU,1666108263
58,east london,-33.0153,27.9116,21.52,88,40,4.63,ZA,1666108265
59,busselton,-33.65,115.3333,11.67,92,6,3.95,AU,1666108265
60,airai,-8.9266,125.4092,17.08,93,100,0.28,TL,1666108266
61,grindavik,63.8424,-22.4338,7.26,70,75,6.17,IS,1666108267
62,barrow,71.2906,-156.7887,-3.99,80,100,4.63,US,1666108163
63,banda,25.4833,80.3333,24.62,52,0,2.68,IN,1666108268
64,atuona,-9.8,-139.0333,24.69,69,1,7.05,PF,1666108268
65,hermanus,-34.4187,19.2345,21.56,80,9,6.07,ZA,1666108269
66,mar del plata,-38.0023,-57.5575,16.64,83,40,8.05,AR,1666108267
67,caravelas,-17.7125,-39.2481,26.69,64,94,4.14,BR,1666108272
68,port lincoln,-34.7333,135.8667,15.02,88,83,5.2,AU,1666108273
69,bredasdorp,-34.5322,20.0403,19.14,75,6,6.01,ZA,1666108273
70,mendi,-6.1761,143.6513,12.22,97,100,1.45,PG,1666108274
71,cobija,-11.0267,-68.7692,27.1,83,100,1.54,BO,1666108274
72,deer lake,49.1667,-57.4316,11.92,94,100,1.03,CA,1666108275
73,nalut,30.3333,10.85,25.41,27,0,5.11,LY,1666108275
74,saskylakh,71.9167,114.0833,-12.18,97,95,3.34,RU,1666108276
75,dudinka,69.4058,86.1778,-0.21,96,100,8.24,RU,1666108276
76,zamberk,50.086,16.4674,16.79,73,89,1.12,CZ,1666108277
77,jaguariaiva,-24.2511,-49.7058,18.69,81,100,2.57,BR,1666108277
78,aberdeen,57.1437,-2.0981,11.41,78,40,3.6,GB,1666107988
79,mahebourg,-20.4081,57.7,22.16,68,75,3.6,MU,1666108278
80,kedrovyy,56.1667,91.8167,3.26,95,97,2.95,RU,1666108280
81,makakilo city,21.3469,-158.0858,21.66,81,0,2.57,US,1666108282
82,qostanay,53.1667,63.5833,3.16,70,0,6.0,KZ,1666108282
83,esperance,-33.8667,121.9,11.24,87,0,4.56,AU,1666108282
84,darnah,32.767,22.6367,20.86,73,50,7.2,LY,1666108283
85,provideniya,64.3833,-173.3,-4.14,76,26,1.15,RU,1666108283
86,rafaela,-31.2503,-61.4867,21.1,42,100,1.79,AR,1666108109
87,saint-philippe,-21.3585,55.7679,22.77,76,37,4.08,RE,1666108284
88,ponta do sol,32.6667,-17.1,26.51,69,69,3.91,PT,1666108284
89,solnechnyy,50.7214,136.6319,0.06,60,1,3.94,RU,1666108285
90,saint george,37.1041,-113.5841,13.33,44,0,1.54,US,1666108286
91,alba,52.0324,23.1165,16.31,69,100,2.59,PL,1666108287
92,arman,59.7,150.1667,-4.99,49,100,4.64,RU,1666108290
93,ugoofaaru,5.6667,73.0,26.95,80,100,8.28,MV,1666108290
94,butaritari,3.0707,172.7902,27.47,77,100,6.02,KI,1666108291
95,kavaratti,10.5669,72.642,27.12,78,100,7.0,IN,1666108292
96,zhangye,38.9342,100.4517,11.11,16,0,1.67,CN,1666108292
97,shenjiamen,29.9576,122.298,16.43,59,1,7.4,CN,1666108292
98,itarema,-2.9248,-39.9167,31.07,54,14,9.48,BR,1666108293
99,trincomalee,8.5711,81.2335,26.66,82,100,6.96,LK,1666108294
100,castro,-24.7911,-50.0119,17.07,88,100,3.64,BR,1666108294
101,heihe,50.2441,127.4902,2.32,49,3,3.14,CN,1666108295
102,rio gallegos,-51.6226,-69.2181,20.03,26,75,8.23,AR,1666108296
103,siavonga,-16.5382,28.7088,31.47,32,71,1.58,ZM,1666108296
104,bluff,-46.6,168.3333,8.32,76,100,7.41,NZ,1666108297
105,nova olimpia,-14.7972,-57.2881,40.11,21,93,1.65,BR,1666108147
106,palencia,42.4167,-4.5,24.4,30,40,8.66,ES,1666108219
107,inhambane,-23.865,35.3833,26.99,65,40,5.81,MZ,1666108299
108,iqaluit,63.7506,-68.5145,-4.15,79,75,6.71,CA,1666108300
109,lebu,-37.6167,-73.65,14.7,72,56,3.57,CL,1666108300
110,calabozo,8.9242,-67.4293,28.66,75,80,2.61,VE,1666108301
111,sao filipe,14.8961,-24.4956,26.87,78,46,3.71,CV,1666108301
112,torbay,47.6666,-52.7314,14.59,95,100,3.6,CA,1666108302
113,kavieng,-2.5744,150.7967,27.67,71,100,7.28,PG,1666108303
114,yidu,24.1614,115.1328,19.73,27,99,2.78,CN,1666108303
115,cedar city,37.6775,-113.0619,14.11,49,0,0.0,US,1666108304
116,victoria,22.2855,114.1577,20.14,77,100,6.71,HK,1666108269
117,faanui,-16.4833,-151.75,25.07,78,50,7.24,PF,1666108305
118,arraial do cabo,-22.9661,-42.0278,27.98,74,75,7.2,BR,1666108175
119,hithadhoo,-0.6,73.0833,27.51,69,100,1.56,MV,1666108307
120,port alfred,-33.5906,26.891,20.1,87,100,4.31,ZA,1666108308
121,lichuan,30.3,108.85,9.72,77,0,1.1,CN,1666108308
122,talnakh,69.4865,88.3972,-0.44,99,100,5.81,RU,1666108309
123,novorzhev,57.0294,29.3338,9.22,90,100,2.23,RU,1666108309
124,muncar,-8.4333,114.3333,23.87,96,100,0.69,ID,1666108310
125,jashpurnagar,22.9,84.15,19.6,87,14,1.17,IN,1666108311
126,chuy,-33.6971,-53.4616,18.12,71,100,7.39,UY,1666108311
127,kulykivka,51.3735,31.6466,13.2,62,97,4.6,UA,1666108312
128,half moon bay,37.4636,-122.4286,19.71,86,0,0.0,US,1666108312
129,bocana de paiwas,12.7857,-85.1227,26.99,81,99,1.83,NI,1666108313
130,el alto,-4.2714,-81.2147,18.81,68,97,5.21,PE,1666108313
131,sitka,57.0531,-135.33,12.94,82,100,5.14,US,1666108314
132,punta arenas,-53.15,-70.9167,13.06,62,75,14.4,CL,1666108132
133,bay city,43.5945,-83.8889,4.18,89,100,7.72,US,1666108024
134,baruun-urt,46.6806,113.2792,2.25,22,95,4.99,MN,1666108315
135,ambon,-3.6954,128.1814,26.08,83,20,1.54,ID,1666108315
136,corowa,-36.0333,146.3833,10.79,92,23,2.2,AU,1666108316
137,port elizabeth,-33.918,25.5701,24.5,83,20,4.63,ZA,1666108304
138,ocos,14.5094,-92.1933,26.56,86,100,5.18,GT,1666108317
139,georgetown,5.4112,100.3354,28.86,89,40,1.54,MY,1666108133
140,tuktoyaktuk,69.4541,-133.0374,-2.0,93,100,5.14,CA,1666108318
141,brenham,30.1669,-96.3977,14.47,40,0,3.09,US,1666108319
142,peniche,39.3558,-9.3811,22.82,89,84,8.69,PT,1666108321
143,tawang,27.5833,91.8667,4.36,77,3,2.41,IN,1666108321
144,havelock,34.8791,-76.9013,17.99,69,100,6.17,US,1666108322
145,novobelokatay,55.7062,58.9549,3.49,93,100,6.03,RU,1666108322
146,puerto del rosario,28.5004,-13.8627,24.86,73,0,4.63,ES,1666108035
147,mount gambier,-37.8333,140.7667,10.65,91,7,1.3,AU,1666108323
148,rindal,63.0565,9.2124,4.36,94,95,2.47,NO,1666108324
149,roseburg,43.2165,-123.3417,12.84,82,100,0.0,US,1666108229
150,kaeo,-35.1,173.7833,7.96,94,62,2.17,NZ,1666108325
151,biak,-0.9131,122.8766,25.18,88,100,0.81,ID,1666108326
152,kahului,20.8947,-156.47,23.8,60,0,3.09,US,1666108246
153,lavrentiya,65.5833,-171.0,-4.78,75,3,1.76,RU,1666108328
154,sabang,5.8933,95.3214,27.0,81,99,9.99,ID,1666108330
155,pangnirtung,66.1451,-65.7125,-4.0,63,40,4.63,CA,1666108330
156,corn island,12.1694,-83.0418,28.07,74,85,3.44,NI,1666108331
157,innisfail,-17.5333,146.0333,24.83,74,87,1.53,AU,1666108331
158,almaznyy,48.0448,40.045,10.39,47,15,3.44,RU,1666108332
159,geraldton,-28.7667,114.6,13.23,88,0,2.57,AU,1666108332
160,kokopo,-4.352,152.2633,25.49,75,60,0.38,PG,1666108333
161,yellowknife,62.456,-114.3525,4.29,87,75,5.14,CA,1666108333
162,sao miguel do araguaia,-13.275,-50.1628,40.09,13,33,3.87,BR,1666108241
163,belmonte,-15.8631,-38.8828,26.92,65,70,4.36,BR,1666108334
164,pisco,-13.7,-76.2167,17.23,77,100,3.09,PE,1666108335
165,ambilobe,-13.2,49.05,24.36,62,46,2.28,MG,1666108335
166,aripuana,-9.1667,-60.6333,33.29,45,56,2.23,BR,1666108336
167,kaitangata,-46.2817,169.8464,6.48,77,100,4.2,NZ,1666108336
168,lesnoy,57.6198,63.0784,5.66,74,100,4.75,RU,1666108337
169,evensk,61.95,159.2333,-5.12,85,100,13.77,RU,1666108338
170,sur,22.5667,59.5289,27.99,40,100,0.49,OM,1666108339
171,la ronge,55.1001,-105.2842,5.14,52,75,2.57,CA,1666108339
172,danielskuil,-28.1887,23.5395,19.41,60,90,1.96,ZA,1666108341
173,chunhuhub,19.55,-88.6833,31.5,54,79,1.46,MX,1666108341
174,avera,33.194,-82.5271,12.53,26,0,4.9,US,1666108342
175,ouallam,14.3188,2.0866,37.24,10,61,4.17,NE,1666108342
176,challapata,-18.9,-66.7667,14.15,30,0,5.26,BO,1666108343
177,olafsvik,64.8945,-23.7142,7.01,76,100,8.16,IS,1666108344
178,neepawa,50.2289,-99.4664,-1.78,27,32,4.19,CA,1666108344
179,freetown,8.484,-13.2299,29.84,74,40,4.12,SL,1666108345
180,nome,64.5011,-165.4064,1.04,100,100,0.0,US,1666108345
181,hovd,48.0056,91.6419,7.16,39,100,3.39,MN,1666108346
182,ugra,54.7777,34.3267,13.14,80,100,4.8,RU,1666108347
183,upernavik,72.7868,-56.1549,-1.11,95,100,5.17,GL,1666108348
184,sembakung,3.8167,117.25,23.47,99,99,0.21,ID,1666108349
185,shakawe,-18.3667,21.85,29.22,27,86,3.76,BW,1666108350
186,upington,-28.4478,21.2561,32.21,19,20,3.09,ZA,1666108351
187,gwanda,-20.9333,29.0,27.66,25,96,3.43,ZW,1666108352
188,kruisfontein,-34.0033,24.7314,18.65,82,98,4.77,ZA,1666108352
189,grand gaube,-20.0064,57.6608,22.22,65,47,0.89,MU,1666108353
190,cacahuatepec,16.8861,-99.6106,25.51,91,100,0.46,MX,1666108353
191,paita,-5.0892,-81.1144,20.56,67,86,4.81,PE,1666108354
192,bumba,2.1833,22.4667,26.54,70,65,0.58,CD,1666108354
193,maragogi,-9.0122,-35.2225,26.6,73,24,5.04,BR,1666108354
194,kosa,59.9445,54.9977,4.57,92,89,2.88,RU,1666108355
195,lagoa,39.05,-27.9833,16.61,61,63,12.96,PT,1666108355
196,cabra,37.4725,-4.4421,29.33,30,100,4.53,ES,1666108356
197,gat,31.61,34.7642,24.38,100,0,3.69,IL,1666108356
198,buala,-8.145,159.5921,26.74,82,17,3.0,SB,1666108357
199,asau,46.4333,26.4,13.51,48,47,2.08,RO,1666108357
200,isangel,-19.55,169.2667,23.79,88,33,4.05,VU,1666108358
201,pevek,69.7008,170.3133,-17.36,96,56,0.91,RU,1666108358
202,husavik,66.0449,-17.3389,3.43,75,95,4.28,IS,1666108359
203,kodiak,57.79,-152.4072,7.73,81,100,6.17,US,1666108359
204,zyryanka,65.75,150.85,-14.65,93,63,7.2,RU,1666108360
205,valparaiso,-33.0393,-71.6273,17.22,79,20,2.57,CL,1666108207
206,baykit,61.67,96.37,-0.67,89,82,2.55,RU,1666108361
207,port moresby,-9.4431,147.1797,23.68,94,40,2.57,PG,1666108361
208,meulaboh,4.1363,96.1285,24.82,88,100,1.23,ID,1666108362
209,nakamura,32.9833,132.9333,12.53,87,32,1.84,JP,1666108363
210,simao,22.7886,100.9748,13.08,67,24,1.42,CN,1666108363
211,laguna,38.421,-121.4238,21.67,79,0,2.06,US,1666108364
212,bethel,41.3712,-73.414,12.2,54,20,3.6,US,1666108364
213,kodinsk,58.6881,99.1844,1.19,98,100,2.49,RU,1666108364
214,luderitz,-26.6481,15.1594,19.26,68,46,6.95,NA,1666108365
215,touros,-5.1989,-35.4608,29.51,61,47,8.02,BR,1666108365
216,glasgow,55.8652,-4.2576,13.29,73,20,5.66,GB,1666108322
217,ladario,-19.0047,-57.6017,28.05,78,75,3.09,BR,1666108366
218,sao teotonio,37.5128,-8.7071,22.45,60,31,4.98,PT,1666108367
219,puri,19.8,85.85,28.29,72,76,4.03,IN,1666108367
220,yumbe,3.4651,31.2469,21.32,84,83,1.37,UG,1666108367
221,pangkalanbuun,-2.6833,111.6167,23.87,96,100,0.9,ID,1666108368
222,hay river,60.8156,-115.7999,10.99,58,40,3.6,CA,1666108369
223,verkhniye achaluki,43.3469,44.6975,11.25,93,100,2.0,RU,1666108370
224,terrace bay,48.7834,-87.1,2.61,74,94,12.02,CA,1666108370
225,ust-koksa,50.2696,85.6108,0.07,91,80,1.22,RU,1666108371
226,sorong,-0.8833,131.25,27.45,83,58,5.38,ID,1666108371
227,longyearbyen,78.2186,15.6401,2.91,81,100,12.35,SJ,1666108372
228,san patricio,28.017,-97.5169,15.92,43,99,7.82,US,1666108372
229,san cristobal,7.7669,-72.225,22.1,45,46,0.57,VE,1666108372
230,lensk,60.7253,114.9278,0.63,91,100,3.72,RU,1666108369
231,carrollton,32.9537,-96.8903,14.63,31,0,5.66,US,1666108361
232,norman wells,65.282,-126.8329,-2.98,100,40,2.06,CA,1666108373
233,makokou,0.5738,12.8642,23.32,95,97,1.0,GA,1666108374
234,llata,-9.4167,-76.7833,16.97,62,70,3.69,PE,1666108375
235,neiafu,-18.65,-173.9833,25.38,88,40,4.63,TO,1666108376
236,moroni,-11.7022,43.2551,26.0,73,20,5.14,KM,1666108376
237,cap malheureux,-19.9842,57.6142,20.82,65,49,0.89,MU,1666108377
238,walvis bay,-22.9575,14.5053,16.72,71,45,7.35,NA,1666108377
239,rawson,-43.3002,-65.1023,23.74,25,2,13.52,AR,1666108102
240,tikaitnagar,26.95,81.5833,23.56,59,0,0.35,IN,1666108378
241,sembe,1.6481,14.5806,24.54,91,84,0.23,CG,1666108378
242,aksu,41.1231,80.2644,15.37,20,81,3.23,CN,1666108378
243,russkaya polyana,49.417,31.9201,12.87,32,10,3.97,UA,1666108380
244,broken hill,-31.95,141.4333,14.58,66,92,7.37,AU,1666108380
245,cherskiy,68.75,161.3,-21.11,100,80,2.3,RU,1666108381
246,beya,53.0533,90.9139,4.45,73,96,4.72,RU,1666108381
247,goba,7.0167,39.9833,9.93,95,100,0.83,ET,1666108382
248,ordzhonikidze,52.4411,61.7408,6.22,57,92,5.05,KZ,1666108383
249,high rock,26.6208,-78.2833,28.01,72,32,6.52,BS,1666108383
250,floro,61.5996,5.0328,9.04,61,40,6.69,NO,1666108384
251,balabac,7.9868,117.0645,26.96,83,100,4.28,PH,1666108385
252,bintulu,3.1667,113.0333,25.23,100,40,0.0,MY,1666108385
253,tchaourou,8.8865,2.5975,31.43,56,37,1.28,BJ,1666108386
254,zhongshan,21.3226,110.5829,19.3,72,100,1.98,CN,1666108386
255,quatre cocos,-20.2078,57.7625,22.06,73,42,5.33,MU,1666108387
256,prieska,-29.6641,22.7474,27.52,31,83,3.22,ZA,1666108388
257,pathanamthitta,9.2667,76.7833,25.41,97,100,1.05,IN,1666108388
258,comodoro rivadavia,-45.8667,-67.5,25.92,24,0,7.2,AR,1666108389
259,sungaipenuh,-2.0833,101.3833,18.78,95,100,0.63,ID,1666108389
260,aklavik,68.2191,-135.0107,-4.0,93,100,1.54,CA,1666108390
261,camacha,33.0833,-16.3333,22.68,73,20,7.2,PT,1666108390
262,thompson,55.7435,-97.8558,1.09,60,40,3.6,CA,1666108392
263,hambantota,6.1241,81.1185,26.19,89,100,3.09,LK,1666108392
264,swanton,41.5887,-83.8911,6.19,71,100,9.26,US,1666108393
265,san quintin,30.4833,-115.95,21.2,74,0,1.37,MX,1666108394
266,codrington,-38.2667,141.9667,10.8,89,2,2.78,AU,1666108394
267,chapais,49.7834,-74.8492,7.88,90,100,5.63,CA,1666108395
268,chengde,40.9725,117.9361,5.17,26,0,0.63,CN,1666108395
269,portland,45.5234,-122.6762,13.69,96,100,1.34,US,1666108184
270,berdigestyakh,62.0989,126.6992,-5.22,99,100,1.48,RU,1666108396
271,coquimbo,-29.9533,-71.3436,14.85,72,20,4.63,CL,1666108397
272,samana,19.2056,-69.3369,30.12,79,40,0.0,DO,1666108397
273,anchorage,61.2181,-149.9003,6.78,90,75,1.54,US,1666108132
274,fairbanks,64.8378,-147.7164,-1.33,91,100,0.0,US,1666108256
275,cockburn town,21.4612,-71.1419,28.18,74,6,5.43,TC,1666108398
276,tura,25.5198,90.2201,20.45,90,1,1.51,IN,1666108399
277,sakakah,29.9697,40.2064,33.76,18,78,2.92,SA,1666108106
278,ola,59.5833,151.2833,-4.92,48,100,8.58,RU,1666108399
279,hasaki,35.7333,140.8333,13.45,75,99,9.04,JP,1666108400
280,jiuquan,39.7432,98.5174,8.56,15,39,0.7,CN,1666108400
281,tuatapere,-46.1333,167.6833,4.2,92,79,2.4,NZ,1666108401
282,kloulklubed,7.0419,134.2556,25.28,75,100,5.19,PW,1666108401
283,ust-maya,60.4167,134.5333,-10.78,98,94,1.15,RU,1666108403
284,san juan,-31.5375,-68.5364,18.64,53,98,4.27,AR,1666108403
285,whitianga,-36.8333,175.7,10.79,84,3,3.46,NZ,1666108404
286,praia,14.9215,-23.5087,29.3,74,20,8.75,CV,1666108277
287,okitipupa,6.5047,4.7839,26.38,89,100,2.39,NG,1666108405
288,monmouth,40.3001,-74.1663,12.85,53,100,4.12,US,1666108405
289,san andres,12.5847,-81.7006,30.01,70,40,3.09,CO,1666108406
290,lyngseidet,69.5763,20.2189,3.0,94,97,2.48,NO,1666108407
291,dunmore town,25.5,-76.65,28.05,70,43,5.18,BS,1666108408
292,galegos,41.5627,-8.572,19.8,82,100,5.76,PT,1666108409
293,kamen-rybolov,44.7481,132.0403,2.69,55,0,3.62,RU,1666108410
294,dabat,12.9842,37.765,13.56,80,67,0.79,ET,1666108411
295,camopi,3.1655,-52.3158,32.97,48,87,1.27,GF,1666108412
296,jalu,29.0331,21.5482,22.33,37,25,3.89,LY,1666108413
297,eyl,7.9803,49.8164,26.53,76,53,6.33,SO,1666108413
298,valdivia,-39.8142,-73.2459,21.05,63,29,2.71,CL,1666108414
299,teguldet,57.3064,88.1667,2.99,96,100,1.69,RU,1666108414
300,aquiraz,-3.9014,-38.3911,31.92,56,22,7.5,BR,1666108415
301,ulaangom,49.9811,92.0667,2.92,55,91,1.6,MN,1666108415
302,souillac,-20.5167,57.5167,22.21,68,75,3.6,MU,1666108416
303,alice springs,-23.7,133.8833,15.75,63,0,4.63,AU,1666108416
304,koriyama,37.4,140.3833,10.07,78,70,1.12,JP,1666108417
305,kingman,35.1894,-114.053,20.07,49,5,4.02,US,1666108417
306,college,64.8569,-147.8028,-1.34,93,100,0.0,US,1666108418
307,la romana,18.4273,-68.9728,30.2,79,75,5.14,DO,1666108418
308,daru,-9.0763,143.2092,26.35,86,95,3.4,PG,1666108419
309,boden,65.8252,21.6886,2.0,82,57,1.78,SE,1666108420
310,carroll,39.5501,-77.0164,10.36,55,0,5.14,US,1666108420
311,ust-kuyga,70.0167,135.6,-16.25,100,100,2.48,RU,1666108421
312,bucerias,20.75,-105.3333,29.43,70,95,1.6,MX,1666108205
313,tandil,-37.3217,-59.1332,21.63,40,75,6.1,AR,1666108422
314,horsham,51.064,-0.3272,18.4,72,0,4.12,GB,1666108422
315,vao,-22.6667,167.4833,21.93,74,37,6.57,NC,1666108423
316,bathsheba,13.2167,-59.5167,31.34,70,40,6.17,BB,1666108423
317,salalah,17.0151,54.0924,25.49,59,7,1.67,OM,1666108424
318,harwich,51.9419,1.2844,17.38,69,1,3.13,GB,1666108424
319,sambava,-14.2667,50.1667,22.28,79,8,4.81,MG,1666108424
320,yarada,17.65,83.2667,28.18,89,40,1.03,IN,1666108425
321,namibe,-15.1961,12.1522,21.65,72,17,8.44,AO,1666108426
322,kokkola,63.8385,23.1307,6.63,76,20,2.57,FI,1666108426
323,leningradskiy,69.3833,178.4167,-15.29,86,14,2.36,RU,1666108426
324,vostok,46.4856,135.8833,-1.97,68,12,3.1,RU,1666108427
325,rio grande,-32.035,-52.0986,19.06,81,100,9.72,BR,1666108427
326,chegdomyn,51.1167,133.0167,-3.17,78,9,1.75,RU,1666108428
327,ilulissat,69.2167,-51.1,1.57,98,100,1.84,GL,1666108429
328,viseu,40.661,-7.9097,22.7,39,34,6.13,PT,1666108429
329,cidreira,-30.1811,-50.2056,19.2,91,100,7.96,BR,1666108430
330,bafoulabe,13.8065,-10.8321,27.25,72,44,1.8,ML,1666108430
331,swan river,52.1058,-101.2676,0.94,40,0,2.06,CA,1666108431
332,rocha,-34.4833,-54.3333,18.5,66,100,7.5,UY,1666108431
333,juruti,-2.1522,-56.0922,30.34,62,91,1.02,BR,1666108432
334,kailua,21.4022,-157.7394,22.47,89,1,1.18,US,1666108432
335,verkh-suetka,53.3,80.05,3.39,76,83,3.26,RU,1666108433
336,dunedin,-45.8742,170.5036,7.67,73,59,0.89,NZ,1666108434
337,mount isa,-20.7333,139.5,21.87,100,40,2.57,AU,1666108425
338,mahina,-17.5065,-149.489,23.87,83,75,1.03,PF,1666108434
339,kamloops,50.6665,-120.3192,2.55,93,20,2.57,CA,1666108435
340,santa rosalia,27.3167,-112.2833,24.62,56,0,0.74,MX,1666108436
341,nerchinskiy zavod,51.3088,119.61,-2.98,52,94,2.63,RU,1666108436
342,torrington,41.8007,-73.1212,11.86,64,82,0.45,US,1666108437
343,krutikha,53.9599,81.2093,3.72,80,93,3.77,RU,1666108437
344,bonavista,48.6499,-53.1147,11.86,90,99,3.43,CA,1666108438
345,zaysan,47.4667,84.8667,5.97,85,100,2.66,KZ,1666108438
346,mana,5.6592,-53.7767,30.26,64,99,4.56,GF,1666108439
347,nemuro,43.3236,145.575,7.03,78,6,5.77,JP,1666108439
348,mandera,3.9366,41.867,30.45,48,100,2.94,KE,1666108440
349,numan,9.4667,12.0333,32.85,40,100,1.09,NG,1666108440
350,pingliang,35.5392,106.6861,9.58,64,48,2.2,CN,1666108441
351,saldanha,-33.0117,17.9442,22.03,86,48,10.3,ZA,1666108441
352,petropavlovsk-kamchatskiy,53.0452,158.6483,3.33,52,20,5.0,RU,1666108442
353,vila velha,-20.3297,-40.2925,28.97,75,40,7.72,BR,1666108442
354,bengkulu,-3.8004,102.2655,24.34,90,100,1.8,ID,1666108381
355,honiara,-9.4333,159.95,24.83,85,45,2.39,SB,1666108443
356,pemba,-12.974,40.5178,25.03,76,0,6.33,MZ,1666108444
357,ahipara,-35.1667,173.1667,12.53,73,37,4.64,NZ,1666108445
358,shingu,33.7333,135.9833,13.03,79,5,2.67,JP,1666108446
359,korla,41.7597,86.1469,13.51,19,27,1.37,CN,1666108447
360,lerik,38.7726,48.4128,9.8,95,100,0.95,AZ,1666108447
361,quelimane,-17.8786,36.8883,24.99,75,1,3.6,MZ,1666108448
362,katyuzhanka,50.806,30.1376,13.34,58,66,4.13,UA,1666108448
363,narwar,25.65,77.9,22.35,55,0,1.29,IN,1666108449
364,port hardy,50.6996,-127.4199,11.1,93,40,1.54,CA,1666108449
365,sol-iletsk,51.1631,54.9918,6.21,65,99,3.85,RU,1666108450
366,tabou,4.423,-7.3528,26.86,77,68,3.03,CI,1666108450
367,saint anthony,45.0205,-93.218,0.14,61,0,1.79,US,1666108451
368,srednekolymsk,67.45,153.6833,-18.6,98,66,3.81,RU,1666108451
369,homer,59.6425,-151.5483,5.98,87,100,3.6,US,1666108312
370,livingston,55.9029,-3.5226,11.58,82,40,4.12,GB,1666108161
371,lima,-12.0432,-77.0282,18.28,79,100,2.57,PE,1666108323
372,christchurch,-43.5333,172.6333,6.06,95,100,0.51,NZ,1666108410
373,beitbridge,-22.2167,30.0,32.1,22,70,7.41,ZW,1666108454
374,kortkeros,61.8106,51.5806,4.0,84,100,3.93,RU,1666108454
375,port hedland,-20.3167,118.5667,21.03,73,0,3.09,AU,1666108455
376,fortuna,40.5982,-124.1573,10.51,100,0,3.09,US,1666108456
377,dicabisagan,17.0818,122.4157,25.56,88,100,2.02,PH,1666108456
378,smithers,54.7804,-127.1743,5.18,93,40,2.57,CA,1666108321
379,peleduy,59.6289,112.7406,1.58,98,100,4.04,RU,1666108457
380,yulara,-25.2406,130.9889,17.3,57,0,5.62,AU,1666108458
381,roebourne,-20.7833,117.1333,23.48,65,0,2.95,AU,1666108458
382,mariinskiy posad,56.115,47.718,7.52,87,100,5.25,RU,1666108459
383,mayumba,-3.432,10.6554,26.24,79,69,4.93,GA,1666108460
384,adrar,20.5022,-10.0711,36.92,8,63,4.93,MR,1666108460
385,port blair,11.6667,92.75,26.02,89,75,0.0,IN,1666108462
386,komsomolskiy,40.4272,71.7189,14.4,77,75,2.06,UZ,1666108463
387,ribeira grande,38.5167,-28.7,19.22,48,20,8.75,PT,1666108463
388,qasigiannguit,68.8193,-51.1922,1.59,99,100,1.4,GL,1666108464
389,buraydah,26.326,43.975,31.25,11,100,1.13,SA,1666108464
390,port-gentil,-0.7193,8.7815,28.98,79,40,7.72,GA,1666108465
391,saint-francois,46.4154,3.9054,23.69,57,0,4.12,FR,1666108465
392,vestmannaeyjar,63.4427,-20.2734,7.55,70,100,6.17,IS,1666108466
393,bogande,12.9714,-0.1436,36.36,15,38,3.47,BF,1666108466
394,quesnel,52.9999,-122.5029,1.28,93,0,1.03,CA,1666108467
395,usman,52.0466,39.7288,16.02,63,100,7.54,RU,1666108468
396,aykhal,66.0,111.5,-8.6,97,98,2.68,RU,1666108469
397,carlyle,38.6103,-89.3726,6.12,62,6,1.79,US,1666108469
398,kayerkan,69.3497,87.7602,-0.82,100,100,8.86,RU,1666108470
399,moron,-34.6534,-58.6198,21.64,71,95,4.77,AR,1666108471
400,paamiut,61.994,-49.6678,3.92,80,100,5.41,GL,1666108471
401,hamilton,39.1834,-84.5333,6.16,72,100,3.13,US,1666108405
402,seoul,37.5683,126.9778,7.69,70,0,1.03,KR,1666108472
403,woodward,36.4337,-99.3904,5.54,42,100,3.09,US,1666108472
404,georgiyevskoye,58.731,45.024,5.97,93,100,2.17,RU,1666108473
405,mayo,38.8876,-76.5119,12.32,53,0,5.14,US,1666108337
406,kysyl-syr,63.8986,122.7617,-5.55,99,100,1.46,RU,1666108473
407,tashara,55.5195,83.5094,3.27,95,100,4.69,RU,1666108475
408,acajutla,13.5928,-89.8275,27.84,71,80,0.69,SV,1666108475
409,capoterra,39.1763,8.9718,24.84,71,0,3.6,IT,1666108477
410,muisne,0.6,-80.0333,23.63,81,100,4.52,EC,1666108477
411,praia da vitoria,38.7333,-27.0667,18.75,77,40,12.08,PT,1666108478
412,maniitsoq,65.4167,-52.9,2.83,97,100,8.61,GL,1666108478
413,kalemie,-5.9475,29.1947,25.52,60,18,1.2,CD,1666108479
414,tagusao,9.1924,117.8141,26.91,82,100,2.67,PH,1666108480
415,mao,39.8885,4.2658,24.31,78,75,4.12,ES,1666108480
416,mahibadhoo,3.7833,72.9667,27.44,73,99,6.61,MV,1666108481
417,cabo san lucas,22.8909,-109.9124,28.36,69,62,0.45,MX,1666108297
418,panuco,22.05,-98.1667,23.53,88,99,5.04,MX,1666108481
419,hervey bay,-25.2986,152.8535,20.01,81,100,4.02,AU,1666108382
420,fayaoue,-20.65,166.5333,23.99,78,9,7.46,NC,1666108482
421,stolac,43.0844,17.9575,24.88,68,0,0.8,BA,1666108483
422,gamboma,-1.8764,15.8644,28.12,68,84,0.9,CG,1666108483
423,rundu,-17.9333,19.7667,28.61,27,72,1.39,NA,1666108484
424,carutapera,-1.195,-46.02,30.4,60,50,5.69,BR,1666108484
425,port-de-bouc,43.4,4.9833,25.42,65,20,2.57,FR,1666108485
426,nanortalik,60.1432,-45.2371,4.53,89,100,3.01,GL,1666108485
427,dzaoudzi,-12.7887,45.2699,25.94,73,20,3.6,YT,1666108486
428,aktau,43.65,51.2,10.32,46,0,3.91,KZ,1666108486
429,lorengau,-2.0226,147.2712,28.08,74,95,6.34,PG,1666108487
430,pachino,36.7186,15.0907,20.84,67,18,0.81,IT,1666108487
431,cabedelo,-6.9811,-34.8339,29.37,68,35,7.12,BR,1666108488
432,denpasar,-8.65,115.2167,24.84,100,75,0.0,ID,1666108489
433,ipixuna,-1.7625,-48.8043,34.53,46,87,0.75,BR,1666108489
434,broome,42.2506,-75.833,8.49,67,54,2.24,US,1666108491
435,tilichiki,60.4667,166.1,2.53,84,99,8.4,RU,1666108492
436,lakki marwat,32.6079,70.9114,27.89,20,0,1.53,PK,1666108492
437,veinticinco de mayo,-35.4323,-60.1727,17.77,87,64,3.58,AR,1666108300
438,avdon,54.6667,55.7167,4.62,86,100,6.0,RU,1666108493
439,katobu,-4.9408,122.5276,24.42,94,90,1.04,ID,1666108493
440,merauke,-8.4667,140.3333,25.67,89,86,4.56,ID,1666108494
441,yangliuqing,39.1375,116.9997,7.97,31,0,3.58,CN,1666108494
442,tieling,42.2931,123.8414,3.98,50,0,2.31,CN,1666108495
443,togur,58.3631,82.8265,2.41,95,100,0.74,RU,1666108495
444,thinadhoo,0.5333,72.9333,27.09,76,100,3.04,MV,1666108496
445,terra santa,-2.1042,-56.4869,28.45,67,93,2.1,BR,1666108496
446,colares,38.7992,-9.4469,23.82,84,75,8.75,PT,1666108497
447,havoysund,70.9963,24.6622,4.13,68,99,7.33,NO,1666108497
448,ostrovnoy,68.0531,39.5131,5.5,87,100,8.5,RU,1666108497
449,alofi,-19.0595,-169.9187,19.94,94,97,1.03,NU,1666108256
450,samandag,36.0842,35.9771,21.85,80,1,2.31,TR,1666108498
451,san joaquin,37.9333,-121.3011,20.3,89,0,2.57,US,1666108498
452,treinta y tres,-33.2333,-54.3833,18.57,74,100,7.04,UY,1666108499
453,nazareno,25.3833,-103.4167,17.5,83,100,2.85,MX,1666108499
454,tessalit,20.1986,1.0114,35.2,13,46,6.15,ML,1666108500
455,yaan,7.3833,8.5667,29.87,69,82,1.29,NG,1666108500
456,ixtapa,20.7,-105.2,29.01,70,95,0.45,MX,1666108501
457,dong hoi,17.4833,106.6,23.73,70,100,6.43,VN,1666108501
458,harindanga,22.0383,88.3214,25.32,75,22,1.68,IN,1666108502
459,pontypool,51.7011,-3.0444,17.34,72,84,4.91,GB,1666108502
460,ulladulla,-35.35,150.4667,14.9,92,100,1.66,AU,1666108503
461,la paz,-16.5,-68.15,13.99,50,40,3.09,BO,1666108503
462,hualmay,-11.0964,-77.6139,19.21,71,29,5.0,PE,1666108257
463,barroso,-21.1869,-43.9758,25.1,34,83,4.33,BR,1666108504
464,vryburg,-26.9566,24.7284,23.7,44,94,3.87,ZA,1666108505
465,beira,-19.8436,34.8389,27.05,69,20,7.72,MZ,1666108506
466,the valley,18.217,-63.0578,30.05,65,20,6.17,AI,1666108507
467,narsaq,60.9167,-46.05,2.07,82,100,3.22,GL,1666108507
468,juegang,32.3174,121.1855,12.25,63,0,2.9,CN,1666108508
469,verkhniy avzyan,53.5289,57.5372,2.72,96,98,3.75,RU,1666108508
470,araouane,18.9048,-3.5265,37.5,10,96,5.4,ML,1666108509
471,kirakira,-10.4544,161.9205,26.75,81,100,2.6,SB,1666108509
472,tautira,-17.7333,-149.15,24.43,81,32,7.68,PF,1666108510
473,singkang,2.1006,102.7994,24.57,89,79,0.84,MY,1666108510
474,taitung,22.7583,121.1444,21.87,80,64,8.25,TW,1666108511
475,nabire,-3.3667,135.4833,24.46,91,100,1.57,ID,1666108512
476,chifeng,42.2683,118.9636,5.09,20,0,2.81,CN,1666108512
477,caiaponia,-16.9567,-51.8103,36.72,14,26,4.07,BR,1666108513
478,salto,-31.3833,-57.9667,22.15,61,75,4.92,UY,1666108236
479,praya,14.9215,-23.5087,29.3,74,20,8.75,CV,1666108514
480,aksarka,66.5606,67.7975,4.54,95,100,6.74,RU,1666108515
481,abu zabad,12.35,29.25,31.09,29,16,1.28,SD,1666108516
482,kushima,31.4583,131.2333,15.65,82,48,3.32,JP,1666108517
483,beaune,47.0833,4.75,20.9,74,4,2.17,FR,1666108517
484,egvekinot,66.3167,-179.1667,-10.79,87,62,2.04,RU,1666108517
485,greenville,35.6127,-77.3663,12.29,48,100,2.57,US,1666108518
486,ust-ordynskiy,52.805,104.7508,1.46,84,53,1.58,RU,1666108519
487,tranas,58.0372,14.9782,9.66,93,90,3.8,SE,1666108519
488,pleasanton,37.6624,-121.8747,18.84,86,0,0.0,US,1666108325
489,beringovskiy,63.05,179.3167,3.64,92,100,11.19,RU,1666108520
490,newcastleton,55.1796,-2.8127,11.69,71,65,3.55,GB,1666108521
491,hirado,33.3597,129.5531,13.55,55,69,6.56,JP,1666108521
492,brokopondo,4.75,-55.1667,30.09,60,30,2.2,SR,1666108522
493,batagay,67.6333,134.6333,-17.52,99,86,1.75,RU,1666108523
494,laurel,39.0993,-76.8483,12.14,55,0,6.17,US,1666108523
495,statesville,35.7826,-80.8873,10.76,49,0,4.63,US,1666108414
496,tikrit,34.6071,43.6782,29.02,14,0,1.41,IQ,1666108524
497,iisalmi,63.5592,27.1907,3.03,90,100,1.89,FI,1666108525
498,lahij,13.1667,44.5833,26.32,55,8,2.68,YE,1666108525
499,derzhavinsk,51.1,66.3167,6.17,51,92,3.5,KZ,1666108526
500,kyren,51.6828,102.1408,3.4,73,100,0.3,RU,1666108527
501,kapit,2.0167,112.9333,23.38,99,100,0.53,MY,1666108528
502,altay,47.8667,88.1167,6.37,84,100,2.67,CN,1666108529
503,waseca,44.0777,-93.5074,-1.06,65,0,7.2,US,1666108530
504,nantucket,41.2835,-70.0995,19.08,90,51,7.95,US,1666108531
505,cadillac,44.2519,-85.4012,2.66,93,100,4.63,US,1666108532
506,sfantu gheorghe,45.8667,25.7833,15.32,51,33,0.92,RO,1666108532
507,kundiawa,-6.0167,144.9667,15.65,97,95,1.53,PG,1666108533
508,gornopravdinsk,60.05,69.9,5.18,90,100,3.75,RU,1666108533
509,bhandara,21.1667,79.65,23.48,86,91,1.95,IN,1666108534
510,wadi musa,30.3222,35.4793,18.54,63,4,1.15,JO,1666108534
511,charters towers,-20.1,146.2667,21.83,77,22,3.85,AU,1666108534
512,ustka,54.5805,16.8619,12.58,86,100,7.32,PL,1666108535
513,sawakin,19.1059,37.3321,30.48,69,6,4.26,SD,1666108535
514,severo-kurilsk,50.6789,156.125,4.75,68,57,14.82,RU,1666108536
515,rameswaram,9.2833,79.3,28.57,77,100,6.1,IN,1666108536
516,guerrero negro,27.9769,-114.0611,23.17,68,0,0.89,MX,1666108537
517,bandarbeyla,9.4942,50.8122,25.88,81,0,5.14,SO,1666108537
518,antofagasta,-23.65,-70.4,16.6,64,16,3.69,CL,1666108463
519,vila franca do campo,37.7167,-25.4333,17.23,70,72,9.02,PT,1666108538
520,bauta,22.9828,-82.5464,28.24,71,89,2.69,CU,1666108538
521,nsanje,-16.92,35.262,32.67,26,79,3.0,MW,1666108539
522,xuchang,34.0167,113.8167,12.46,35,0,3.02,CN,1666108539
523,todos santos,23.45,-110.2167,25.8,67,31,1.07,MX,1666108540
524,bataipora,-22.2953,-53.2711,21.37,89,100,3.98,BR,1666108540
525,tateyama,34.9833,139.8667,15.05,85,100,7.68,JP,1666108541
526,wajima,37.4,136.9,13.44,55,14,4.4,JP,1666108541
527,pokosnoye,55.5258,101.0536,3.58,81,86,5.09,RU,1666108541
528,waipawa,-41.4122,175.5153,7.59,91,45,1.7,NZ,1666108542
529,yaring,6.8662,101.3689,25.36,87,91,3.79,TH,1666108543
530,isiro,2.7739,27.616,24.06,73,81,0.14,CD,1666108543
531,chivilcoy,-34.8957,-60.0167,22.27,49,83,6.44,AR,1666108543
532,mandalgovi,45.7625,106.2708,6.23,23,7,2.94,MN,1666108544
533,nicoya,10.1483,-85.452,28.22,73,100,0.9,CR,1666108544
534,novocheremshansk,54.3571,50.1666,8.67,81,100,5.3,RU,1666108545
535,emirdag,39.0197,31.15,14.28,69,1,0.68,TR,1666108545
536,nouadhibou,20.931,-17.0347,33.99,27,49,9.26,MR,1666108546
537,tongliao,43.6125,122.2653,3.54,35,0,3.55,CN,1666108546
538,ryomgard,56.3843,10.503,13.0,81,100,6.17,DK,1666108546
539,khudumelapye,-23.8833,24.75,20.12,64,100,8.6,BW,1666108547
540,talcahuano,-36.7167,-73.1167,13.82,67,75,3.6,CL,1666108547
541,gifhorn,52.4833,10.55,17.28,68,0,3.6,DE,1666108548
542,bilma,18.6853,12.9164,31.9,18,0,4.17,NE,1666108548
543,vung tau,10.346,107.0843,26.39,83,65,4.9,VN,1666108549
544,byron bay,-28.65,153.6167,18.3,83,100,3.97,AU,1666108499
545,kalabo,-14.97,22.6814,33.55,14,100,2.9,ZM,1666108550
546,arcata,40.8665,-124.0828,10.66,93,0,1.54,US,1666108260
547,lemoore,36.3008,-119.7829,18.52,74,75,1.54,US,1666108551
548,norfolk,42.1668,-71.2495,18.86,95,89,3.69,US,1666108551
549,juba,4.8517,31.5825,25.61,69,79,1.1,SS,1666108552
550,pali,25.7667,73.3333,27.18,26,0,1.38,IN,1666108552
551,katsuura,35.1333,140.3,16.0,84,100,9.14,JP,1666108552
552,bambanglipuro,-7.95,110.2833,24.88,87,100,0.65,ID,1666108553
553,padang,-0.9492,100.3543,25.58,82,100,1.14,ID,1666108553
554,freeport,40.6576,-73.5832,13.43,46,89,2.24,US,1666108554
555,bulgan,48.8125,103.5347,5.37,40,67,1.26,MN,1666108554
556,sorland,67.667,12.6934,6.92,67,82,8.23,NO,1666108554
557,saryg-sep,51.5,95.6,4.7,44,100,1.22,RU,1666108555
558,batagay-alyta,67.8006,130.4114,-18.52,89,19,2.04,RU,1666108555
559,lompoc,34.6391,-120.4579,17.55,100,0,3.6,US,1666108556
560,changli,39.7042,119.1506,9.17,33,0,2.41,CN,1666108557
561,choma,-16.8065,26.9531,26.75,22,94,3.63,ZM,1666108557
562,tena,-0.9833,-77.8167,25.09,62,100,1.58,EC,1666108557
563,ilhabela,-23.7781,-45.3581,22.67,88,95,2.32,BR,1666108558
564,redmond,47.674,-122.1215,13.17,91,8,0.17,US,1666108556
565,wyndham,37.6985,-77.6125,12.81,52,3,1.79,US,1666108480
566,nhulunbuy,-12.2333,136.7667,26.34,78,88,0.0,AU,1666108559
567,sangamner,19.5667,74.2167,23.82,85,100,2.28,IN,1666108559
568,road town,18.4167,-64.6167,31.02,70,40,4.12,VG,1666108560
569,ranong,9.9658,98.6348,24.34,93,100,1.44,TH,1666108330
570,staryy nadym,65.6118,72.6842,4.57,90,99,8.05,RU,1666108561
571,dargaville,-35.9333,173.8833,10.97,83,13,3.83,NZ,1666108563
572,sovetskiy,61.3614,63.5842,3.93,96,100,3.71,RU,1666108564
573,tatarsk,55.219,75.9828,3.78,89,84,2.63,RU,1666108564
574,canchungo,12.0672,-16.0333,35.07,61,67,2.91,GW,1666108565
575,iquique,-20.2208,-70.1431,17.02,68,6,3.5,CL,1666108566
576,poum,-20.2333,164.0167,23.91,79,23,3.84,NC,1666108567
